{
  "v1_val_acc": 0.6503929866989118,
  "spatial_radius": 3,
  "spatial_topk": 5,
  "train_agg": {
    "n": 132413,
    "top1": 0.7891596746543014,
    "top3": 0.9592713706358137,
    "n6": 33667,
    "sp5": 0.25603706893991146,
    "sp5r": 0.5298066355778656
  },
  "holdout_agg": {
    "n": 47392,
    "top1": 0.5109934166103984,
    "top3": 0.7577228224172856,
    "n6": 22515,
    "sp5": 0.0060848323339995555,
    "sp5r": 0.11858760826115923
  },
  "per_env": {
    "ar25": {
      "n": 9303,
      "top1": 0.7295496076534451,
      "top3": 0.9653875094055681,
      "n6": 364,
      "sp5": 0.1401098901098901,
      "sp5r": 0.3159340659340659,
      "holdout": false
    },
    "bp35": {
      "n": 6622,
      "top1": 0.9015403201449713,
      "top3": 0.9794623980670493,
      "n6": 3078,
      "sp5": 0.3723196881091618,
      "sp5r": 0.665692007797271,
      "holdout": false
    },
    "cd82": {
      "n": 2084,
      "top1": 0.6247600767754319,
      "top3": 0.9021113243761996,
      "n6": 539,
      "sp5": 0.3079777365491651,
      "sp5r": 0.6382189239332097,
      "holdout": false
    },
    "cn04": {
      "n": 7943,
      "top1": 0.7908850560241723,
      "top3": 0.9609719249653783,
      "n6": 1335,
      "sp5": 0.1647940074906367,
      "sp5r": 0.4247191011235955,
      "holdout": false
    },
    "dc22": {
      "n": 8680,
      "top1": 0.39055299539170507,
      "top3": 0.7024193548387097,
      "n6": 3460,
      "sp5": 0.0011560693641618498,
      "sp5r": 0.026878612716763006,
      "holdout": true
    },
    "ft09": {
      "n": 1341,
      "top1": 0.7912005965697241,
      "top3": 0.8956002982848621,
      "n6": 1050,
      "sp5": 0.1361904761904762,
      "sp5r": 0.37047619047619046,
      "holdout": false
    },
    "g50t": {
      "n": 5594,
      "top1": 0.8119413657490168,
      "top3": 0.9660350375402217,
      "n6": 0,
      "sp5": null,
      "sp5r": null,
      "holdout": false
    },
    "ka59": {
      "n": 3944,
      "top1": 0.8146551724137931,
      "top3": 0.9754056795131846,
      "n6": 295,
      "sp5": 0.27796610169491526,
      "sp5r": 0.5661016949152542,
      "holdout": false
    },
    "lf52": {
      "n": 11240,
      "top1": 0.8797153024911032,
      "top3": 0.979982206405694,
      "n6": 5046,
      "sp5": 0.42489100277447484,
      "sp5r": 0.7495045580657946,
      "holdout": false
    },
    "lp85": {
      "n": 14212,
      "top1": 0.9850830284266817,
      "top3": 1.0,
      "n6": 14000,
      "sp5": 0.006857142857142857,
      "sp5r": 0.12371428571428572,
      "holdout": true
    },
    "ls20": {
      "n": 7566,
      "top1": 0.7939466032249537,
      "top3": 0.978852762357917,
      "n6": 0,
      "sp5": null,
      "sp5r": null,
      "holdout": false
    },
    "m0r0": {
      "n": 10317,
      "top1": 0.6038577105747794,
      "top3": 0.924105844722303,
      "n6": 487,
      "sp5": 0.27104722792607805,
      "sp5r": 0.5420944558521561,
      "holdout": false
    },
    "r11l": {
      "n": 2929,
      "top1": 0.9900990099009901,
      "top3": 1.0,
      "n6": 2900,
      "sp5": 0.031724137931034485,
      "sp5r": 0.17,
      "holdout": false
    },
    "re86": {
      "n": 12657,
      "top1": 0.7126491269653157,
      "top3": 0.9461167733270127,
      "n6": 0,
      "sp5": null,
      "sp5r": null,
      "holdout": false
    },
    "s5i5": {
      "n": 6453,
      "top1": 0.9877576321090965,
      "top3": 1.0,
      "n6": 6374,
      "sp5": 0.24835268277376843,
      "sp5r": 0.5544399121430813,
      "holdout": false
    },
    "sb26": {
      "n": 2525,
      "top1": 0.92990099009901,
      "top3": 0.9964356435643564,
      "n6": 2290,
      "sp5": 0.19737991266375546,
      "sp5r": 0.4698689956331878,
      "holdout": false
    },
    "sc25": {
      "n": 5669,
      "top1": 0.786734873875463,
      "top3": 0.9486681954489328,
      "n6": 2181,
      "sp5": 0.5272810637322329,
      "sp5r": 0.8152223750573132,
      "holdout": false
    },
    "sk48": {
      "n": 14677,
      "top1": 0.06861075151597738,
      "top3": 0.4855215643523881,
      "n6": 565,
      "sp5": 0.0035398230088495575,
      "sp5r": 0.12389380530973451,
      "holdout": true
    },
    "sp80": {
      "n": 3994,
      "top1": 0.4897346019028543,
      "top3": 0.8077115673510266,
      "n6": 557,
      "sp5": 0.07001795332136446,
      "sp5r": 0.39138240574506283,
      "holdout": false
    },
    "su15": {
      "n": 3547,
      "top1": 0.9467155342542994,
      "top3": 1.0,
      "n6": 3357,
      "sp5": 0.11796246648793565,
      "sp5r": 0.36163240988978257,
      "holdout": false
    },
    "tn36": {
      "n": 3846,
      "top1": 0.9916796671866874,
      "top3": 1.0,
      "n6": 3814,
      "sp5": 0.21604614577871,
      "sp5r": 0.48426848453067645,
      "holdout": false
    },
    "tr87": {
      "n": 5246,
      "top1": 0.7066336256195196,
      "top3": 0.9679756004574914,
      "n6": 0,
      "sp5": null,
      "sp5r": null,
      "holdout": false
    },
    "tu93": {
      "n": 5307,
      "top1": 0.25061239871867347,
      "top3": 0.7459958545317505,
      "n6": 0,
      "sp5": null,
      "sp5r": null,
      "holdout": true
    },
    "vc33": {
      "n": 4516,
      "top1": 0.9942426926483614,
      "top3": 1.0,
      "n6": 4490,
      "sp5": 0.0077951002227171495,
      "sp5r": 0.17260579064587972,
      "holdout": true
    },
    "wa30": {
      "n": 19593,
      "top1": 0.7796662073189404,
      "top3": 0.9536569182871434,
      "n6": 0,
      "sp5": null,
      "sp5r": null,
      "holdout": false
    }
  },
  "gap_top1": 0.27816625804390294,
  "gap_top3": 0.20154854821852808
}